[
{
  "model": "tracker.issue",
  "pk": 1,
  "fields": {
    "created_at": "2021-03-10T18:47:53.321Z",
    "updated_at": "2021-03-16T19:59:58.701Z",
    "summary": "Цветы на 8 марта!!",
    "description": "Купить цветы на праздник: 2 букета раз, 3 букета тюльпанов",
    "status": 1,
    "project": 1,
    "issue_type": [
      2,
      3
    ]
  }
},
{
  "model": "tracker.issue",
  "pk": 2,
  "fields": {
    "created_at": "2021-03-10T18:51:09.790Z",
    "updated_at": "2021-03-17T06:34:21.413Z",
    "summary": "Правка кода Python Django",
    "description": "Найти и устранить ошибки в коде: \"to_do_list\". Не работает добавление и удаление задач",
    "status": 2,
    "project": 1,
    "issue_type": [
      2,
      3
    ]
  }
},
{
  "model": "tracker.issue",
  "pk": 3,
  "fields": {
    "created_at": "2021-03-10T18:53:50.083Z",
    "updated_at": "2021-03-16T20:02:11.241Z",
    "summary": "Обновление компьютера",
    "description": "Обновить систему, улучшить графический интерфейс компьютера, произвести настройки шрифтов, персонализации, раскладки",
    "status": 3,
    "project": 1,
    "issue_type": [
      1
    ]
  }
},
{
  "model": "tracker.issue",
  "pk": 4,
  "fields": {
    "created_at": "2021-03-10T18:55:26.507Z",
    "updated_at": "2021-03-16T20:02:02.724Z",
    "summary": "Читать книги",
    "description": "Прочесть книгу: \"Борьба за огонь\"",
    "status": 3,
    "project": 1,
    "issue_type": [
      2
    ]
  }
},
{
  "model": "tracker.issue",
  "pk": 7,
  "fields": {
    "created_at": "2021-03-10T19:01:03.234Z",
    "updated_at": "2021-03-16T20:02:35.070Z",
    "summary": "Ремонт авто",
    "description": "Отвезти машину на ремонт. Замена масла, фильтров, ремонт ходовой части, компьютерная дианостика",
    "status": 2,
    "project": 1,
    "issue_type": [
      3
    ]
  }
},
{
  "model": "tracker.issue",
  "pk": 8,
  "fields": {
    "created_at": "2021-03-12T14:01:49.640Z",
    "updated_at": "2021-03-16T20:02:55.778Z",
    "summary": "Пивоварить",
    "description": "Пиво варит Иван Тараныч. Надо помочь",
    "status": 2,
    "project": 1,
    "issue_type": [
      1,
      2
    ]
  }
},
{
  "model": "tracker.issue",
  "pk": 9,
  "fields": {
    "created_at": "2021-03-12T17:30:37.496Z",
    "updated_at": "2021-03-16T20:02:24.735Z",
    "summary": "Сварить картошку в мундире",
    "description": "В 12:00 закинуть 8 яиц в кастрюлю с водой и поставить на газовую плиту. Варить 15 минут после кипячения.",
    "status": 3,
    "project": 1,
    "issue_type": [
      1,
      2,
      3
    ]
  }
},
{
  "model": "tracker.issue",
  "pk": 12,
  "fields": {
    "created_at": "2021-03-12T20:25:05.183Z",
    "updated_at": "2021-03-16T20:03:04.720Z",
    "summary": "Скачать песни гр.Кино",
    "description": "В.Цой. гр.Кино",
    "status": 2,
    "project": 1,
    "issue_type": [
      1
    ]
  }
},
{
  "model": "tracker.issue",
  "pk": 13,
  "fields": {
    "created_at": "2021-03-12T20:28:15.626Z",
    "updated_at": "2021-03-16T20:01:55.068Z",
    "summary": "Вскопать землю",
    "description": null,
    "status": 1,
    "project": 1,
    "issue_type": [
      3
    ]
  }
},
{
  "model": "tracker.issue",
  "pk": 14,
  "fields": {
    "created_at": "2021-03-13T05:15:47.678Z",
    "updated_at": "2021-03-17T16:52:05.561Z",
    "summary": "Сделать зарядку",
    "description": "Отжимания от пола 100 раз",
    "status": 3,
    "project": 1,
    "issue_type": [
      3
    ]
  }
},
{
  "model": "tracker.issue",
  "pk": 15,
  "fields": {
    "created_at": "2021-03-13T05:18:12.812Z",
    "updated_at": "2021-03-16T20:03:16.580Z",
    "summary": "Полить деревья",
    "description": "Два ведра на дерево",
    "status": 2,
    "project": 1,
    "issue_type": [
      2
    ]
  }
},
{
  "model": "tracker.issue",
  "pk": 16,
  "fields": {
    "created_at": "2021-03-16T07:45:16.176Z",
    "updated_at": "2021-03-16T20:03:23.593Z",
    "summary": "Затопить печь",
    "description": "Уголь в углярке. Печь в топке. Золу вынести на улицу. Лопатка в сарае.",
    "status": 3,
    "project": 1,
    "issue_type": [
      1
    ]
  }
},
{
  "model": "tracker.issue",
  "pk": 17,
  "fields": {
    "created_at": "2021-03-16T20:01:35.286Z",
    "updated_at": "2021-03-16T20:01:35.286Z",
    "summary": "Исправить ошибку в репозитории",
    "description": "Исправить ошибку возникшую из-за того что коды написанные в винды и линукса не совпадают в гитхабе",
    "status": 3,
    "project": 1,
    "issue_type": [
      2
    ]
  }
},
{
  "model": "tracker.issue",
  "pk": 18,
  "fields": {
    "created_at": "2021-03-17T07:30:40.085Z",
    "updated_at": "2021-03-17T07:30:40.085Z",
    "summary": "Исправить вывод отдельной задачи  в проекте : \"django_hello\"",
    "description": "Выше неба над горами",
    "status": 1,
    "project": 1,
    "issue_type": [
      1
    ]
  }
},
{
  "model": "tracker.issue",
  "pk": 19,
  "fields": {
    "created_at": "2021-03-17T07:31:28.137Z",
    "updated_at": "2021-03-18T17:43:06.558Z",
    "summary": "Победить запах смертельной затхлости",
    "description": "Выше неба над горами",
    "status": 1,
    "project": 1,
    "issue_type": [
      1
    ]
  }
},
{
  "model": "tracker.issue",
  "pk": 20,
  "fields": {
    "created_at": "2021-03-17T07:37:42.738Z",
    "updated_at": "2021-03-17T13:41:11.901Z",
    "summary": "Исправить баг в django",
    "description": "Переписать",
    "status": 1,
    "project": 1,
    "issue_type": [
      3
    ]
  }
},
{
  "model": "tracker.issue",
  "pk": 21,
  "fields": {
    "created_at": "2021-03-17T07:39:28.346Z",
    "updated_at": "2021-03-17T13:44:19.377Z",
    "summary": "Поужинать в 7 вечера",
    "description": "Съесть макаронный марафон",
    "status": 1,
    "project": 1,
    "issue_type": [
      1
    ]
  }
},
{
  "model": "tracker.issue",
  "pk": 22,
  "fields": {
    "created_at": "2021-03-17T11:48:06.247Z",
    "updated_at": "2021-03-17T13:43:20.947Z",
    "summary": "Исправить обновление задачи",
    "description": "Переделать исправление задачи",
    "status": 2,
    "project": 1,
    "issue_type": [
      2
    ]
  }
},
{
  "model": "tracker.issue",
  "pk": 23,
  "fields": {
    "created_at": "2021-03-17T11:48:29.074Z",
    "updated_at": "2021-03-17T14:29:42.055Z",
    "summary": "Проверить валидацию на количество символов в поле",
    "description": "В названии задачи не менее 4 символов",
    "status": 1,
    "project": 1,
    "issue_type": [
      2,
      3
    ]
  }
},
{
  "model": "tracker.issue",
  "pk": 24,
  "fields": {
    "created_at": "2021-03-17T13:01:18.135Z",
    "updated_at": "2021-03-17T14:39:02.155Z",
    "summary": "Проверка на дубликат",
    "description": "Проверка на дубликат прошла успешно!",
    "status": 3,
    "project": 1,
    "issue_type": [
      3
    ]
  }
},
{
  "model": "tracker.issue",
  "pk": 25,
  "fields": {
    "created_at": "2021-03-17T13:14:19.523Z",
    "updated_at": "2021-03-17T13:14:19.523Z",
    "summary": "Посмотреть вебинар",
    "description": "В семь часов после полудня сядь за вебинар",
    "status": 1,
    "project": 1,
    "issue_type": [
      3
    ]
  }
},
{
  "model": "tracker.issue",
  "pk": 26,
  "fields": {
    "created_at": "2021-03-17T16:47:44.068Z",
    "updated_at": "2021-03-17T16:47:44.068Z",
    "summary": "Валидации сработали",
    "description": "Проверка прошла успешно",
    "status": 3,
    "project": 1,
    "issue_type": [
      1
    ]
  }
},
{
  "model": "tracker.issue",
  "pk": 27,
  "fields": {
    "created_at": "2021-03-17T17:10:57.781Z",
    "updated_at": "2021-03-17T17:31:14.488Z",
    "summary": "RedDeadRedemption2",
    "description": "Game from RockStar",
    "status": 2,
    "project": 1,
    "issue_type": [
      1
    ]
  }
},
{
  "model": "tracker.issue",
  "pk": 28,
  "fields": {
    "created_at": "2021-03-17T17:25:44.059Z",
    "updated_at": "2021-03-17T17:31:48.969Z",
    "summary": "fifa game",
    "description": "fifa21",
    "status": 2,
    "project": 1,
    "issue_type": [
      3
    ]
  }
},
{
  "model": "tracker.issue",
  "pk": 29,
  "fields": {
    "created_at": "2021-03-17T17:41:58.359Z",
    "updated_at": "2021-03-17T17:41:58.359Z",
    "summary": "timele",
    "description": "timoti",
    "status": 1,
    "project": 1,
    "issue_type": [
      2,
      3
    ]
  }
},
{
  "model": "tracker.issue",
  "pk": 30,
  "fields": {
    "created_at": "2021-03-18T06:20:35.278Z",
    "updated_at": "2021-03-18T06:59:28.094Z",
    "summary": "Pochemu",
    "description": "Ne rabotaet",
    "status": 1,
    "project": 1,
    "issue_type": [
      2
    ]
  }
},
{
  "model": "tracker.issue",
  "pk": 31,
  "fields": {
    "created_at": "2021-03-18T07:02:13.506Z",
    "updated_at": "2021-03-18T07:02:13.506Z",
    "summary": "Валидации",
    "description": "На проверку",
    "status": 2,
    "project": 1,
    "issue_type": [
      2
    ]
  }
},
{
  "model": "tracker.issue",
  "pk": 32,
  "fields": {
    "created_at": "2021-03-18T07:45:05.316Z",
    "updated_at": "2021-03-18T07:46:12.706Z",
    "summary": "Validators",
    "description": "Checking fields on minlength",
    "status": 2,
    "project": 1,
    "issue_type": [
      2
    ]
  }
},
{
  "model": "tracker.issue",
  "pk": 33,
  "fields": {
    "created_at": "2021-03-18T07:48:56.938Z",
    "updated_at": "2021-03-18T12:59:29.663Z",
    "summary": "T-mobileArena",
    "description": "Verner German Football Player",
    "status": 2,
    "project": 1,
    "issue_type": [
      2
    ]
  }
},
{
  "model": "tracker.issue",
  "pk": 34,
  "fields": {
    "created_at": "2021-03-18T09:39:36.256Z",
    "updated_at": "2021-03-18T09:39:36.256Z",
    "summary": "Fifpro",
    "description": "EASports.telegame",
    "status": 2,
    "project": 1,
    "issue_type": [
      2
    ]
  }
},
{
  "model": "tracker.issue",
  "pk": 35,
  "fields": {
    "created_at": "2021-03-18T09:52:58.809Z",
    "updated_at": "2021-03-18T09:52:58.809Z",
    "summary": "John",
    "description": "Week Professional Killer",
    "status": 2,
    "project": 1,
    "issue_type": [
      1
    ]
  }
},
{
  "model": "tracker.issue",
  "pk": 36,
  "fields": {
    "created_at": "2021-03-18T17:27:36.334Z",
    "updated_at": "2021-03-18T17:27:36.334Z",
    "summary": "Bobby",
    "description": "Firmino De Souza",
    "status": 3,
    "project": 1,
    "issue_type": [
      3
    ]
  }
},
{
  "model": "tracker.issue",
  "pk": 37,
  "fields": {
    "created_at": "2021-03-18T17:33:02.433Z",
    "updated_at": "2021-03-18T17:33:02.433Z",
    "summary": "Hello",
    "description": "World and everyone",
    "status": 2,
    "project": 1,
    "issue_type": []
  }
},
{
  "model": "tracker.issue",
  "pk": 38,
  "fields": {
    "created_at": "2021-03-18T17:44:35.749Z",
    "updated_at": "2021-03-18T17:44:35.749Z",
    "summary": "Правильный бой",
    "description": "Сделай это и иди до конца",
    "status": 1,
    "project": 1,
    "issue_type": [
      2
    ]
  }
},
{
  "model": "tracker.issue",
  "pk": 39,
  "fields": {
    "created_at": "2021-03-18T18:35:50.965Z",
    "updated_at": "2021-03-18T18:35:50.965Z",
    "summary": "Bug reader",
    "description": "Выполнить исправление багов в коде",
    "status": 1,
    "project": 1,
    "issue_type": [
      3
    ]
  }
},
{
  "model": "tracker.issue",
  "pk": 40,
  "fields": {
    "created_at": "2021-03-20T11:47:48.820Z",
    "updated_at": "2021-03-22T14:04:55.701Z",
    "summary": "Game",
    "description": "God of War 4. SantaMonica",
    "status": 3,
    "project": 1,
    "issue_type": [
      3
    ]
  }
},
{
  "model": "tracker.issue",
  "pk": 41,
  "fields": {
    "created_at": "2021-03-22T13:28:51.256Z",
    "updated_at": "2021-03-22T13:33:58.857Z",
    "summary": "Gringo",
    "description": "American bizon",
    "status": 3,
    "project": 1,
    "issue_type": [
      1,
      2
    ]
  }
},
{
  "model": "tracker.issue",
  "pk": 42,
  "fields": {
    "created_at": "2021-03-22T19:07:22.866Z",
    "updated_at": "2021-03-28T14:37:56.824Z",
    "summary": "Yellowstone",
    "description": "The national park.",
    "status": 1,
    "project": 1,
    "issue_type": [
      1
    ]
  }
},
{
  "model": "tracker.issue",
  "pk": 43,
  "fields": {
    "created_at": "2021-03-28T14:37:24.125Z",
    "updated_at": "2021-03-28T14:37:24.125Z",
    "summary": "SOS!!!!",
    "description": "Спасите наши души!",
    "status": 2,
    "project": 1,
    "issue_type": [
      2
    ]
  }
},
{
  "model": "tracker.issue",
  "pk": 44,
  "fields": {
    "created_at": "2021-03-29T08:07:16.636Z",
    "updated_at": "2021-03-29T08:07:16.636Z",
    "summary": "Issyk-kul",
    "description": "Отпуск на лето",
    "status": 1,
    "project": 2,
    "issue_type": [
      1
    ]
  }
},
{
  "model": "tracker.status",
  "pk": 1,
  "fields": {
    "status_code": "New"
  }
},
{
  "model": "tracker.status",
  "pk": 2,
  "fields": {
    "status_code": "In Progress"
  }
},
{
  "model": "tracker.status",
  "pk": 3,
  "fields": {
    "status_code": "Done"
  }
},
{
  "model": "tracker.issue_type",
  "pk": 1,
  "fields": {
    "issue_type_code": "Task"
  }
},
{
  "model": "tracker.issue_type",
  "pk": 2,
  "fields": {
    "issue_type_code": "Bug"
  }
},
{
  "model": "tracker.issue_type",
  "pk": 3,
  "fields": {
    "issue_type_code": "Enhancement"
  }
},
{
  "model": "tracker.project",
  "pk": 1,
  "fields": {
    "start_date": "2021-03-29",
    "end_date": null,
    "name": "Test",
    "description": ""
  }
},
{
  "model": "tracker.project",
  "pk": 2,
  "fields": {
    "start_date": "2021-03-01",
    "end_date": null,
    "name": "Travel",
    "description": ""
  }
},
{
  "model": "tracker.project",
  "pk": 3,
  "fields": {
    "start_date": "2021-03-09",
    "end_date": null,
    "name": "Nature",
    "description": ""
  }
},
{
  "model": "auth.user",
  "pk": 1,
  "fields": {
    "password": "pbkdf2_sha256$216000$PvXlAPrfzSZ4$LF1cQx3CN9ZsgGXGivC2AoRTvTJZjnUiFDmR9hypbOc=",
    "last_login": "2021-03-28T12:46:50.822Z",
    "is_superuser": true,
    "username": "admin",
    "first_name": "",
    "last_name": "",
    "email": "admin@admin.com",
    "is_staff": true,
    "is_active": true,
    "date_joined": "2021-03-28T12:46:26.451Z",
    "groups": [],
    "user_permissions": []
  }
}
]
