[
{
  "model": "tracker.issue",
  "pk": 2,
  "fields": {
    "created_at": "2021-03-10T18:51:09.790Z",
    "updated_at": "2021-03-17T06:34:21.413Z",
    "summary": "Правка кода Python Django",
    "description": "Найти и устранить ошибки в коде: \"to_do_list\". Не работает добавление и удаление задач",
    "status": 2,
    "project": 1,
    "issue_type": [
      2,
      3
    ]
  }
},
{
  "model": "tracker.issue",
  "pk": 3,
  "fields": {
    "created_at": "2021-03-10T18:53:50.083Z",
    "updated_at": "2021-03-16T20:02:11.241Z",
    "summary": "Обновление компьютера",
    "description": "Обновить систему, улучшить графический интерфейс компьютера, произвести настройки шрифтов, персонализации, раскладки",
    "status": 3,
    "project": 1,
    "issue_type": [
      1
    ]
  }
},
{
  "model": "tracker.issue",
  "pk": 4,
  "fields": {
    "created_at": "2021-03-10T18:55:26.507Z",
    "updated_at": "2021-03-16T20:02:02.724Z",
    "summary": "Читать книги",
    "description": "Прочесть книгу: \"Борьба за огонь\"",
    "status": 3,
    "project": 1,
    "issue_type": [
      2
    ]
  }
},
{
  "model": "tracker.issue",
  "pk": 7,
  "fields": {
    "created_at": "2021-03-10T19:01:03.234Z",
    "updated_at": "2021-03-16T20:02:35.070Z",
    "summary": "Ремонт авто",
    "description": "Отвезти машину на ремонт. Замена масла, фильтров, ремонт ходовой части, компьютерная дианостика",
    "status": 2,
    "project": 1,
    "issue_type": [
      3
    ]
  }
},
{
  "model": "tracker.issue",
  "pk": 8,
  "fields": {
    "created_at": "2021-03-12T14:01:49.640Z",
    "updated_at": "2021-03-16T20:02:55.778Z",
    "summary": "Пивоварить",
    "description": "Пиво варит Иван Тараныч. Надо помочь",
    "status": 2,
    "project": 1,
    "issue_type": [
      1,
      2
    ]
  }
},
{
  "model": "tracker.issue",
  "pk": 9,
  "fields": {
    "created_at": "2021-03-12T17:30:37.496Z",
    "updated_at": "2021-03-16T20:02:24.735Z",
    "summary": "Сварить картошку в мундире",
    "description": "В 12:00 закинуть 8 яиц в кастрюлю с водой и поставить на газовую плиту. Варить 15 минут после кипячения.",
    "status": 3,
    "project": 1,
    "issue_type": [
      1,
      2,
      3
    ]
  }
},
{
  "model": "tracker.issue",
  "pk": 12,
  "fields": {
    "created_at": "2021-03-12T20:25:05.183Z",
    "updated_at": "2021-03-16T20:03:04.720Z",
    "summary": "Скачать песни гр.Кино",
    "description": "В.Цой. гр.Кино",
    "status": 2,
    "project": 1,
    "issue_type": [
      1
    ]
  }
},
{
  "model": "tracker.issue",
  "pk": 13,
  "fields": {
    "created_at": "2021-03-12T20:28:15.626Z",
    "updated_at": "2021-03-16T20:01:55.068Z",
    "summary": "Вскопать землю",
    "description": null,
    "status": 1,
    "project": 1,
    "issue_type": [
      3
    ]
  }
},
{
  "model": "tracker.issue",
  "pk": 14,
  "fields": {
    "created_at": "2021-03-13T05:15:47.678Z",
    "updated_at": "2021-03-17T16:52:05.561Z",
    "summary": "Сделать зарядку",
    "description": "Отжимания от пола 100 раз",
    "status": 3,
    "project": 1,
    "issue_type": [
      3
    ]
  }
},
{
  "model": "tracker.issue",
  "pk": 15,
  "fields": {
    "created_at": "2021-03-13T05:18:12.812Z",
    "updated_at": "2021-03-16T20:03:16.580Z",
    "summary": "Полить деревья",
    "description": "Два ведра на дерево",
    "status": 2,
    "project": 1,
    "issue_type": [
      2
    ]
  }
},
{
  "model": "tracker.issue",
  "pk": 16,
  "fields": {
    "created_at": "2021-03-16T07:45:16.176Z",
    "updated_at": "2021-03-16T20:03:23.593Z",
    "summary": "Затопить печь",
    "description": "Уголь в углярке. Печь в топке. Золу вынести на улицу. Лопатка в сарае.",
    "status": 3,
    "project": 1,
    "issue_type": [
      1
    ]
  }
},
{
  "model": "tracker.issue",
  "pk": 17,
  "fields": {
    "created_at": "2021-03-16T20:01:35.286Z",
    "updated_at": "2021-03-16T20:01:35.286Z",
    "summary": "Исправить ошибку в репозитории",
    "description": "Исправить ошибку возникшую из-за того что коды написанные в винды и линукса не совпадают в гитхабе",
    "status": 3,
    "project": 1,
    "issue_type": [
      2
    ]
  }
},
{
  "model": "tracker.issue",
  "pk": 18,
  "fields": {
    "created_at": "2021-03-17T07:30:40.085Z",
    "updated_at": "2021-03-17T07:30:40.085Z",
    "summary": "Исправить вывод отдельной задачи  в проекте : \"django_hello\"",
    "description": "Выше неба над горами",
    "status": 1,
    "project": 1,
    "issue_type": [
      1
    ]
  }
},
{
  "model": "tracker.issue",
  "pk": 19,
  "fields": {
    "created_at": "2021-03-17T07:31:28.137Z",
    "updated_at": "2021-03-18T17:43:06.558Z",
    "summary": "Победить запах смертельной затхлости",
    "description": "Выше неба над горами",
    "status": 1,
    "project": 1,
    "issue_type": [
      1
    ]
  }
},
{
  "model": "tracker.issue",
  "pk": 20,
  "fields": {
    "created_at": "2021-03-17T07:37:42.738Z",
    "updated_at": "2021-03-17T13:41:11.901Z",
    "summary": "Исправить баг в django",
    "description": "Переписать",
    "status": 1,
    "project": 1,
    "issue_type": [
      3
    ]
  }
},
{
  "model": "tracker.issue",
  "pk": 21,
  "fields": {
    "created_at": "2021-03-17T07:39:28.346Z",
    "updated_at": "2021-03-17T13:44:19.377Z",
    "summary": "Поужинать в 7 вечера",
    "description": "Съесть макаронный марафон",
    "status": 1,
    "project": 1,
    "issue_type": [
      1
    ]
  }
},
{
  "model": "tracker.issue",
  "pk": 22,
  "fields": {
    "created_at": "2021-03-17T11:48:06.247Z",
    "updated_at": "2021-03-17T13:43:20.947Z",
    "summary": "Исправить обновление задачи",
    "description": "Переделать исправление задачи",
    "status": 2,
    "project": 1,
    "issue_type": [
      2
    ]
  }
},
{
  "model": "tracker.issue",
  "pk": 23,
  "fields": {
    "created_at": "2021-03-17T11:48:29.074Z",
    "updated_at": "2021-03-17T14:29:42.055Z",
    "summary": "Проверить валидацию на количество символов в поле",
    "description": "В названии задачи не менее 4 символов",
    "status": 1,
    "project": 1,
    "issue_type": [
      2,
      3
    ]
  }
},
{
  "model": "tracker.issue",
  "pk": 24,
  "fields": {
    "created_at": "2021-03-17T13:01:18.135Z",
    "updated_at": "2021-04-20T11:18:45.997Z",
    "summary": "Проверка на дубликатs",
    "description": "Проверка на дубликат прошла успешно!",
    "status": 3,
    "project": 1,
    "issue_type": [
      3
    ]
  }
},
{
  "model": "tracker.issue",
  "pk": 25,
  "fields": {
    "created_at": "2021-03-17T13:14:19.523Z",
    "updated_at": "2021-03-17T13:14:19.523Z",
    "summary": "Посмотреть вебинар",
    "description": "В семь часов после полудня сядь за вебинар",
    "status": 1,
    "project": 1,
    "issue_type": [
      3
    ]
  }
},
{
  "model": "tracker.issue",
  "pk": 26,
  "fields": {
    "created_at": "2021-03-17T16:47:44.068Z",
    "updated_at": "2021-03-17T16:47:44.068Z",
    "summary": "Валидации сработали",
    "description": "Проверка прошла успешно",
    "status": 3,
    "project": 1,
    "issue_type": [
      1
    ]
  }
},
{
  "model": "tracker.issue",
  "pk": 27,
  "fields": {
    "created_at": "2021-03-17T17:10:57.781Z",
    "updated_at": "2021-03-17T17:31:14.488Z",
    "summary": "RedDeadRedemption2",
    "description": "Game from RockStar",
    "status": 2,
    "project": 1,
    "issue_type": [
      1
    ]
  }
},
{
  "model": "tracker.issue",
  "pk": 28,
  "fields": {
    "created_at": "2021-03-17T17:25:44.059Z",
    "updated_at": "2021-03-17T17:31:48.969Z",
    "summary": "fifa game",
    "description": "fifa21",
    "status": 2,
    "project": 1,
    "issue_type": [
      3
    ]
  }
},
{
  "model": "tracker.issue",
  "pk": 29,
  "fields": {
    "created_at": "2021-03-17T17:41:58.359Z",
    "updated_at": "2021-03-17T17:41:58.359Z",
    "summary": "timele",
    "description": "timoti",
    "status": 1,
    "project": 1,
    "issue_type": [
      2,
      3
    ]
  }
},
{
  "model": "tracker.issue",
  "pk": 30,
  "fields": {
    "created_at": "2021-03-18T06:20:35.278Z",
    "updated_at": "2021-03-18T06:59:28.094Z",
    "summary": "Pochemu",
    "description": "Ne rabotaet",
    "status": 1,
    "project": 1,
    "issue_type": [
      2
    ]
  }
},
{
  "model": "tracker.issue",
  "pk": 31,
  "fields": {
    "created_at": "2021-03-18T07:02:13.506Z",
    "updated_at": "2021-03-18T07:02:13.506Z",
    "summary": "Валидации",
    "description": "На проверку",
    "status": 2,
    "project": 1,
    "issue_type": [
      2
    ]
  }
},
{
  "model": "tracker.issue",
  "pk": 32,
  "fields": {
    "created_at": "2021-03-18T07:45:05.316Z",
    "updated_at": "2021-03-18T07:46:12.706Z",
    "summary": "Validators",
    "description": "Checking fields on minlength",
    "status": 2,
    "project": 1,
    "issue_type": [
      2
    ]
  }
},
{
  "model": "tracker.issue",
  "pk": 33,
  "fields": {
    "created_at": "2021-03-18T07:48:56.938Z",
    "updated_at": "2021-03-18T12:59:29.663Z",
    "summary": "T-mobileArena",
    "description": "Verner German Football Player",
    "status": 2,
    "project": 1,
    "issue_type": [
      2
    ]
  }
},
{
  "model": "tracker.issue",
  "pk": 34,
  "fields": {
    "created_at": "2021-03-18T09:39:36.256Z",
    "updated_at": "2021-03-18T09:39:36.256Z",
    "summary": "Fifpro",
    "description": "EASports.telegame",
    "status": 2,
    "project": 1,
    "issue_type": [
      2
    ]
  }
},
{
  "model": "tracker.issue",
  "pk": 35,
  "fields": {
    "created_at": "2021-03-18T09:52:58.809Z",
    "updated_at": "2021-03-18T09:52:58.809Z",
    "summary": "John",
    "description": "Week Professional Killer",
    "status": 2,
    "project": 1,
    "issue_type": [
      1
    ]
  }
},
{
  "model": "tracker.issue",
  "pk": 36,
  "fields": {
    "created_at": "2021-03-18T17:27:36.334Z",
    "updated_at": "2021-03-18T17:27:36.334Z",
    "summary": "Bobby",
    "description": "Firmino De Souza",
    "status": 3,
    "project": 1,
    "issue_type": [
      3
    ]
  }
},
{
  "model": "tracker.issue",
  "pk": 37,
  "fields": {
    "created_at": "2021-03-18T17:33:02.433Z",
    "updated_at": "2021-03-18T17:33:02.433Z",
    "summary": "Hello",
    "description": "World and everyone",
    "status": 2,
    "project": 1,
    "issue_type": []
  }
},
{
  "model": "tracker.issue",
  "pk": 39,
  "fields": {
    "created_at": "2021-03-18T18:35:50.965Z",
    "updated_at": "2021-03-18T18:35:50.965Z",
    "summary": "Bug reader",
    "description": "Выполнить исправление багов в коде",
    "status": 1,
    "project": 1,
    "issue_type": [
      3
    ]
  }
},
{
  "model": "tracker.issue",
  "pk": 40,
  "fields": {
    "created_at": "2021-03-20T11:47:48.820Z",
    "updated_at": "2021-03-22T14:04:55.701Z",
    "summary": "Game",
    "description": "God of War 4. SantaMonica",
    "status": 3,
    "project": 1,
    "issue_type": [
      3
    ]
  }
},
{
  "model": "tracker.issue",
  "pk": 41,
  "fields": {
    "created_at": "2021-03-22T13:28:51.256Z",
    "updated_at": "2021-04-11T14:55:22.568Z",
    "summary": "Gringo",
    "description": "American bizon killer",
    "status": 3,
    "project": 1,
    "issue_type": [
      1,
      2
    ]
  }
},
{
  "model": "tracker.issue",
  "pk": 44,
  "fields": {
    "created_at": "2021-03-29T08:07:16.636Z",
    "updated_at": "2021-03-29T08:22:18.894Z",
    "summary": "Issyk-kul",
    "description": "Отпуск на лето",
    "status": 1,
    "project": 3,
    "issue_type": [
      1
    ]
  }
},
{
  "model": "tracker.issue",
  "pk": 51,
  "fields": {
    "created_at": "2021-04-11T04:03:53.822Z",
    "updated_at": "2021-04-11T04:13:31.055Z",
    "summary": "English Premier Ligue Champions",
    "description": "Английская премьер лига.",
    "status": 1,
    "project": 8,
    "issue_type": [
      3
    ]
  }
},
{
  "model": "tracker.issue",
  "pk": 53,
  "fields": {
    "created_at": "2021-04-20T12:38:39.212Z",
    "updated_at": "2021-04-20T12:38:39.212Z",
    "summary": "Google",
    "description": "Search system",
    "status": 1,
    "project": 9,
    "issue_type": [
      2
    ]
  }
},
{
  "model": "tracker.status",
  "pk": 1,
  "fields": {
    "status_code": "New"
  }
},
{
  "model": "tracker.status",
  "pk": 2,
  "fields": {
    "status_code": "In Progress"
  }
},
{
  "model": "tracker.status",
  "pk": 3,
  "fields": {
    "status_code": "Done"
  }
},
{
  "model": "tracker.issue_type",
  "pk": 1,
  "fields": {
    "issue_type_code": "Task"
  }
},
{
  "model": "tracker.issue_type",
  "pk": 2,
  "fields": {
    "issue_type_code": "Bug"
  }
},
{
  "model": "tracker.issue_type",
  "pk": 3,
  "fields": {
    "issue_type_code": "Enhancement"
  }
},
{
  "model": "tracker.project",
  "pk": 1,
  "fields": {
    "start_date": "2021-03-29",
    "end_date": null,
    "name": "Test",
    "description": "First default project",
    "user_id": [
      1,
      2,
      3,
      4
    ]
  }
},
{
  "model": "tracker.project",
  "pk": 2,
  "fields": {
    "start_date": "2021-03-01",
    "end_date": null,
    "name": "Travel",
    "description": "Путешествия вокруг света",
    "user_id": []
  }
},
{
  "model": "tracker.project",
  "pk": 3,
  "fields": {
    "start_date": "2021-03-09",
    "end_date": null,
    "name": "Nature",
    "description": "Природа",
    "user_id": []
  }
},
{
  "model": "tracker.project",
  "pk": 4,
  "fields": {
    "start_date": "2021-03-28",
    "end_date": "2021-04-28",
    "name": "Experiment",
    "description": "It's checking my Project Create View",
    "user_id": []
  }
},
{
  "model": "tracker.project",
  "pk": 5,
  "fields": {
    "start_date": "2021-03-28",
    "end_date": "2021-04-28",
    "name": "Spider Many",
    "description": "It's checking my Project Create View",
    "user_id": []
  }
},
{
  "model": "tracker.project",
  "pk": 7,
  "fields": {
    "start_date": "2021-03-28",
    "end_date": "2021-04-28",
    "name": "Proverka",
    "description": "It's checking my Project Create View",
    "user_id": []
  }
},
{
  "model": "tracker.project",
  "pk": 8,
  "fields": {
    "start_date": "2021-03-01",
    "end_date": null,
    "name": "Sport",
    "description": "Football",
    "user_id": []
  }
},
{
  "model": "tracker.project",
  "pk": 9,
  "fields": {
    "start_date": "2021-03-29",
    "end_date": null,
    "name": "Cinematica",
    "description": "FilmProductions",
    "user_id": [
      6
    ]
  }
},
{
  "model": "tracker.project",
  "pk": 11,
  "fields": {
    "start_date": "2021-04-17",
    "end_date": null,
    "name": "Dreams",
    "description": "Just do it",
    "user_id": [
      3,
      6,
      7
    ]
  }
},
{
  "model": "tracker.project",
  "pk": 12,
  "fields": {
    "start_date": "2021-03-28",
    "end_date": null,
    "name": "my car",
    "description": "Toyota Avensis",
    "user_id": [
      3,
      11
    ]
  }
},
{
  "model": "tracker.project",
  "pk": 13,
  "fields": {
    "start_date": "2021-03-28",
    "end_date": null,
    "name": "Pro",
    "description": "Proe",
    "user_id": [
      10
    ]
  }
},
{
  "model": "tracker.project",
  "pk": 14,
  "fields": {
    "start_date": "2021-03-01",
    "end_date": null,
    "name": "Victor",
    "description": "Gugo",
    "user_id": []
  }
},
{
  "model": "tracker.project",
  "pk": 15,
  "fields": {
    "start_date": "2021-03-20",
    "end_date": null,
    "name": "Varshava",
    "description": "Gorodok",
    "user_id": []
  }
},
{
  "model": "tracker.project",
  "pk": 16,
  "fields": {
    "start_date": "2021-03-01",
    "end_date": null,
    "name": "Upi",
    "description": "Upi-Upi",
    "user_id": []
  }
},
{
  "model": "tracker.project",
  "pk": 18,
  "fields": {
    "start_date": "2021-03-01",
    "end_date": null,
    "name": "Upi",
    "description": "Upi-Upi",
    "user_id": [
      3
    ]
  }
},
{
  "model": "tracker.project",
  "pk": 19,
  "fields": {
    "start_date": "2021-03-01",
    "end_date": null,
    "name": "Yaki",
    "description": "Yaki - Yaki",
    "user_id": [
      3
    ]
  }
},
{
  "model": "auth.user",
  "pk": 1,
  "fields": {
    "password": "pbkdf2_sha256$216000$PvXlAPrfzSZ4$LF1cQx3CN9ZsgGXGivC2AoRTvTJZjnUiFDmR9hypbOc=",
    "last_login": "2021-04-20T11:17:00.255Z",
    "is_superuser": true,
    "username": "admin",
    "first_name": "",
    "last_name": "",
    "email": "admin@admin.com",
    "is_staff": true,
    "is_active": true,
    "date_joined": "2021-03-28T12:46:26.451Z",
    "groups": [],
    "user_permissions": []
  }
},
{
  "model": "auth.user",
  "pk": 2,
  "fields": {
    "password": "pbkdf2_sha256$216000$q7KzEHH7wiqM$7cWKc2Unf/Su8DhXAxv7hoIfFMf0MtyzZd7DG34vpPo=",
    "last_login": "2021-04-11T14:55:39.484Z",
    "is_superuser": false,
    "username": "gina",
    "first_name": "Gina",
    "last_name": "Diy",
    "email": "gina_diy@mail.ru",
    "is_staff": false,
    "is_active": true,
    "date_joined": "2021-04-11T14:54:44.265Z",
    "groups": [],
    "user_permissions": []
  }
},
{
  "model": "auth.user",
  "pk": 3,
  "fields": {
    "password": "pbkdf2_sha256$216000$v1Ht5OvNaNzf$TSgZ+k77JgYO/h68B5fotyyxZsABTct21bmmAzkBKUM=",
    "last_login": "2021-04-20T11:17:53.129Z",
    "is_superuser": false,
    "username": "Dina",
    "first_name": "Dina",
    "last_name": "",
    "email": "dina@dina.com",
    "is_staff": false,
    "is_active": true,
    "date_joined": "2021-04-30T15:01:21Z",
    "groups": [
      1
    ],
    "user_permissions": [
      33,
      34,
      35
    ]
  }
},
{
  "model": "auth.user",
  "pk": 4,
  "fields": {
    "password": "pbkdf2_sha256$216000$HvcsSaUQa1cS$6/H6odaeqA5gX8q8okDKVDPJHPKa1nycFTaqtESNte4=",
    "last_login": "2021-04-11T15:49:58.035Z",
    "is_superuser": false,
    "username": "Komur",
    "first_name": "",
    "last_name": "Komur",
    "email": "Kara-Keche@mail.ru",
    "is_staff": false,
    "is_active": true,
    "date_joined": "2021-04-11T15:49:57.623Z",
    "groups": [],
    "user_permissions": []
  }
},
{
  "model": "auth.user",
  "pk": 5,
  "fields": {
    "password": "pbkdf2_sha256$216000$bf00eyBGnnBy$MyusUk8DYP+dANYHbiUMj47FqHQlhQtME5WGxyUWT28=",
    "last_login": "2021-04-11T16:29:38.238Z",
    "is_superuser": false,
    "username": "golowa",
    "first_name": "",
    "last_name": "Bashka",
    "email": "golova@mail.ru",
    "is_staff": false,
    "is_active": true,
    "date_joined": "2021-04-11T16:29:37.907Z",
    "groups": [],
    "user_permissions": []
  }
},
{
  "model": "auth.user",
  "pk": 6,
  "fields": {
    "password": "pbkdf2_sha256$216000$zUZghGSKy6XQ$FK8nhbYIi/IqUTY1E2QM73SO2i8nQsahHlmTr41I0IM=",
    "last_login": "2021-04-11T16:47:27.464Z",
    "is_superuser": false,
    "username": "Hello",
    "first_name": "",
    "last_name": "Djoconbo",
    "email": "hell0@mail.com",
    "is_staff": false,
    "is_active": true,
    "date_joined": "2021-04-11T16:47:27.129Z",
    "groups": [],
    "user_permissions": []
  }
},
{
  "model": "auth.user",
  "pk": 7,
  "fields": {
    "password": "pbkdf2_sha256$216000$c5ZjKtr50RWp$m1N+lYu8KEdFRFgFahH5OBUR7/iT3TPlsY1qG77Ajkw=",
    "last_login": "2021-04-12T03:27:00Z",
    "is_superuser": false,
    "username": "Figo",
    "first_name": "Figo",
    "last_name": "",
    "email": "figo@figo.com",
    "is_staff": false,
    "is_active": true,
    "date_joined": "2021-04-12T03:26:59Z",
    "groups": [],
    "user_permissions": []
  }
},
{
  "model": "auth.user",
  "pk": 8,
  "fields": {
    "password": "pbkdf2_sha256$216000$LcFmlpPdEQA2$06vFyI+i7RvlPdnk0IfgVib+VtyZ4er/vCIBxOiJdsU=",
    "last_login": "2021-04-12T03:32:50Z",
    "is_superuser": false,
    "username": "Rex",
    "first_name": "Rex",
    "last_name": "",
    "email": "rex@dogs.com",
    "is_staff": false,
    "is_active": true,
    "date_joined": "2021-04-12T03:32:49Z",
    "groups": [],
    "user_permissions": []
  }
},
{
  "model": "auth.user",
  "pk": 9,
  "fields": {
    "password": "pbkdf2_sha256$216000$VxARnVEjontw$ExmopcHS/SclBqj7NBf8+1FWyynqEbpOqZbvDqQuYfw=",
    "last_login": "2021-04-18T07:55:48.180Z",
    "is_superuser": false,
    "username": "ProjectManager",
    "first_name": "Manager",
    "last_name": "P",
    "email": "p_manager@mail.ru",
    "is_staff": false,
    "is_active": true,
    "date_joined": "2021-04-18T07:55:47.900Z",
    "groups": [],
    "user_permissions": []
  }
},
{
  "model": "auth.user",
  "pk": 10,
  "fields": {
    "password": "pbkdf2_sha256$216000$gNQ4iIHgQTGZ$Xfavbq74l5AkCMLWDP/o0JweRU0QPaeO44arR57r2XY=",
    "last_login": "2021-04-20T09:44:46.323Z",
    "is_superuser": false,
    "username": "Manager",
    "first_name": "",
    "last_name": "",
    "email": "",
    "is_staff": false,
    "is_active": true,
    "date_joined": "2021-04-18T14:48:06Z",
    "groups": [
      1
    ],
    "user_permissions": []
  }
},
{
  "model": "auth.user",
  "pk": 11,
  "fields": {
    "password": "pbkdf2_sha256$216000$EVwu5C9ffLDT$kT2VstdAGpTLBfzpvR9AqdfONH4Wz+0g6PXPHD9V44o=",
    "last_login": "2021-04-18T14:54:49.307Z",
    "is_superuser": false,
    "username": "Bobbby",
    "first_name": "Bob",
    "last_name": "Firmino",
    "email": "bobby@mail.ru",
    "is_staff": false,
    "is_active": true,
    "date_joined": "2021-04-18T14:54:48.945Z",
    "groups": [],
    "user_permissions": []
  }
}
]
